100663862,Glykeria@Peristeris.com,ExbXNmaCn,User,Glykeria,Peristeris,22
766151866,Glykeria@Kormaris.com,kpCTYAlo,User,Glykeria,Kormaris,14
677609181,Glykeria@Pagonis.com,sXkmeLuCidYpI,User,Glykeria,Pagonis,21
257615385,Glykeria@Melakis.com,XcKjlJbGQ,User,Glykeria,Melakis,3
327545699,Spyros@Argyroiliopoulos.com,TJeliKIWSJrdOIs,User,Spyros,Argyroiliopoulos,7
355428090,Spyros@Kormaris.com,TiSQMvEgsIs,User,Spyros,Kormaris,6
022382018,Spyros@Kotsidimos.com,lgAQlfNmm,User,Spyros,Kotsidimos,21
799827976,Spyros@Melakis.com,NrSfOoquPJuH,User,Spyros,Melakis,4
526517173,Spyros@Matthaios.com,MbrKNSeIMmNQ,User,Spyros,Matthaios,8
939742697,Christos@Argyroiliopoulos.com,IgZsrENsoZCTXRi,User,Christos,Argyroiliopoulos,37
671422166,Christos@Peristeris.com,ZXMfnclrVxYRk,User,Christos,Peristeris,1
554482013,Christos@Kormaris.com,GkpWdF,User,Christos,Kormaris,26
776937622,Christos@Kotsidimos.com,xWIflcWeVHfTPD,User,Christos,Kotsidimos,7
738426764,Christos@Psarrakos.com,TQcbIsqyPI,User,Christos,Psarrakos,32
423569886,Christos@Matthaios.com,jzZCWsTst,User,Christos,Matthaios,0
663451668,John@Katsari.com,BptRVVlgS,User,John,Katsari,30
834519980,John@Kotsidimos.com,TYWVNz,User,John,Kotsidimos,34
447448480,John@Pagonis.com,qoZXZaXN,User,John,Pagonis,7
109196048,Nasos@Argyroiliopoulos.com,RaQZYFQE,User,Nasos,Argyroiliopoulos,28
747484949,Nasos@Kotsidimos.com,ketNMBmxNI,User,Nasos,Kotsidimos,29
128617985,Nasos@Pagonis.com,PrqPVnUUBTDHn,User,Nasos,Pagonis,11
036393517,Nasos@Melakis.com,gFvZhyrL,User,Nasos,Melakis,31
649756526,Giannis@Katsari.com,KPMmFjPVkgY,User,Giannis,Katsari,36
285893139,Giannis@Argyroiliopoulos.com,LpORCZGSdiLa,User,Giannis,Argyroiliopoulos,1
900561092,Giannis@Psarrakos.com,OLIrUUhVRxvyek,User,Giannis,Psarrakos,23
320522213,Giannis@Pagonis.com,cNIpOxc,User,Giannis,Pagonis,33
730753352,Giannis@Melakis.com,oscTYwJf,User,Giannis,Melakis,11
748397531,Giannis@Matthaios.com,zzKKhAYF,User,Giannis,Matthaios,14
656279675,Stelios@Katsari.com,NzalaC,User,Stelios,Katsari,18
163865433,Stelios@Peristeris.com,sgotLqGasMld,User,Stelios,Peristeris,36
865911342,Stelios@Vlahopoulos.com,jdIDzOJGIoNEyZv,User,Stelios,Vlahopoulos,31
789558281,Stelios@Kotsidimos.com,BTtTpkljHBhROOE,User,Stelios,Kotsidimos,29
370367968,Stelios@Psarrakos.com,pisPlScE,User,Stelios,Psarrakos,0
498891373,Stelios@Pagonis.com,rgYorZCjTIttf,User,Stelios,Pagonis,4
254659141,Alexandros@Vlahopoulos.com,vAjxddtzK,User,Alexandros,Vlahopoulos,23
859065360,Alexandros@Kormaris.com,nSZMDbTapqjoHqi,User,Alexandros,Kormaris,21
136873131,Alexandros@Kotsidimos.com,zgNTsFNrcnDlqEj,User,Alexandros,Kotsidimos,1
622186508,Alexandros@Psarrakos.com,WHpLEgQTwGWBQ,User,Alexandros,Psarrakos,31
815866881,Alexandros@Pagonis.com,dbWKUs,User,Alexandros,Pagonis,17
549239618,Alexandros@Matthaios.com,BYWkrJimCjJ,User,Alexandros,Matthaios,33
